{"cameraMode":{"drawMode":0,"name":"Shaded","section":"Shading Mode"},"sceneLighting":false,"audioPlay":false,"sceneViewState":{"showFog":true,"showMaterialUpdate":true,"showSkybox":true,"showFlares":true,"showImageEffects":true,"showParticleSystems":true},"in2DMode":false,"pivot":{"x":-0.46308374404907229,"y":1.0071392059326172,"z":-1.1704037189483643},"rotation":{"x":-0.21012715995311738,"y":-0.42503079771995547,"z":0.10212628543376923,"w":-0.8745093941688538},"size":5.113733291625977,"orthographic":false}